{
  "type": "FeatureCollection",
  "features": [
    {
      "type": "Feature",
      "properties": {
        "ward": 11
      },
      "geometry": {
        "coordinates": [
          [
            [
              75.94302639826066,
              17.67018395828086
            ],
            [
              75.95228878337551,
              17.66566596884084
            ],
            [
              75.95507489945723,
              17.66440197802484
            ],
            [
              75.95750127913641,
              17.66356492583236
            ],
            [
              75.95952561551354,
              17.66737335072291
            ],
            [
              75.95953915250587,
              17.66792681918561
            ],
            [
              75.96003614026921,
              17.66836489384478
            ],
            [
              75.96021477601232,
              17.66934652786547
            ],
            [
              75.96082392440655,
              17.669835960624567
            ],
            [
              75.96192755725272,
              17.672576227522526
            ],
            [
              75.9623664683474,
              17.67393721474781
            ],
            [
              75.96143606447265,
              17.674155668877972
            ],
            [
              75.9560692225869,
              17.67696033658737
            ],
            [
              75.95628248334236,
              17.67764482312147
            ],
            [
              75.95596667790775,
              17.67837162815752
            ],
            [
              75.95647521103533,
              17.681478128601512
            ],
            [
              75.95587211282202,
              17.685634121667377
            ],
            [
              75.95767107958602,
              17.691534563555393
            ],
            [
              75.9540100378351,
              17.690295342432336
            ],
            [
              75.94787838634991,
              17.688780880474397
            ],
            [
              75.94059958861294,
              17.687560861634324
            ],
            [
              75.94115116719382,
              17.687232908054497
            ],
            [
              75.94284391753979,
              17.68710404807257
            ],
            [
              75.94306865683865,
              17.68566455604963
            ],
            [
              75.94296752452888,
              17.682172896601017
            ],
            [
              75.94798938188845,
              17.68153545288446
            ],
            [
              75.9483585089954,
              17.681589088890405
            ],
            [
              75.94849721739698,
              17.68132808938978
            ],
            [
              75.94810714902317,
              17.680599458547107
            ],
            [
              75.9480985664022,
              17.679927793553674
            ],
            [
              75.94786006295033,
              17.67964118461728
            ],
            [
              75.9478343200069,
              17.678742472303426
            ],
            [
              75.94753104958062,
              17.67862980417371
            ],
            [
              75.94540504119934,
              17.678946603711537
            ],
            [
              75.94530983259256,
              17.678358123979635
            ],
            [
              75.94509944955121,
              17.678131909576862
            ],
            [
              75.94314651868177,
              17.678137008224112
            ],
            [
              75.9432855157078,
              17.67527211246454
            ],
            [
              75.94373920313473,
              17.675195038561256
            ],
            [
              75.94413045246768,
              17.674925158538286
            ],
            [
              75.94392368126103,
              17.674446837775506
            ],
            [
              75.94411423385637,
              17.673835483319962
            ],
            [
              75.94302639826066,
              17.67018395828086
            ]
          ]
        ],
        "type": "Polygon"
      },
      "id": 0
    },
    {
      "type": "Feature",
      "properties": {
        "ward": 6
      },
      "geometry": {
        "coordinates": [
          [
            [
              75.88642221824915,
              17.655387390473777
            ],
            [
              75.88740844326159,
              17.65770970518257
            ],
            [
              75.88798621694502,
              17.657427412365465
            ],
            [
              75.88827477906091,
              17.6574487698595
            ],
            [
              75.88919617740373,
              17.65810906400077
            ],
            [
              75.88811523380738,
              17.658540446178492
            ],
            [
              75.88816452500168,
              17.658994964542657
            ],
            [
              75.88850105451982,
              17.659083076837177
            ],
            [
              75.88910416566449,
              17.65925084089939
            ],
            [
              75.88934595177051,
              17.65970337058839
            ],
            [
              75.8895161656223,
              17.65986618189872
            ],
            [
              75.88984371354428,
              17.661223584408887
            ],
            [
              75.8903161324202,
              17.66114527429815
            ],
            [
              75.89248457354572,
              17.661407815436704
            ],
            [
              75.89253687210024,
              17.66149541084856
            ],
            [
              75.89245905987258,
              17.661997409506043
            ],
            [
              75.89209556925948,
              17.662271750598478
            ],
            [
              75.89108309060794,
              17.663580867480164
            ],
            [
              75.89126315815827,
              17.66428327203387
            ],
            [
              75.89113241485126,
              17.665185378717
            ],
            [
              75.89031090596905,
              17.664896392238262
            ],
            [
              75.88914980689853,
              17.664671480391263
            ],
            [
              75.88930594798464,
              17.667500882319487
            ],
            [
              75.88945176050888,
              17.66896809761731
            ],
            [
              75.88901648188542,
              17.67015476145545
            ],
            [
              75.88916861886062,
              17.671761755433366
            ],
            [
              75.88937683890342,
              17.672599588252382
            ],
            [
              75.88919688502708,
              17.672991449322097
            ],
            [
              75.890962690451,
              17.673394629229264
            ],
            [
              75.89034583525668,
              17.67469332093782
            ],
            [
              75.88946520007607,
              17.67588553653448
            ],
            [
              75.88730207229409,
              17.67765831038892
            ],
            [
              75.88485646389083,
              17.67849871162693
            ],
            [
              75.88206889502447,
              17.678602337903342
            ],
            [
              75.8809216195188,
              17.678527517710407
            ],
            [
              75.87972223188328,
              17.67831364642386
            ],
            [
              75.87861747475154,
              17.67799939106196
            ],
            [
              75.87132188319327,
              17.676018900889602
            ],
            [
              75.85928199168134,
              17.672699890185882
            ],
            [
              75.85633559687847,
              17.672398543048814
            ],
            [
              75.85426946494954,
              17.672442343885876
            ],
            [
              75.85292514736017,
              17.67264655093861
            ],
            [
              75.85081156388827,
              17.673127718448328
            ],
            [
              75.84775069120937,
              17.674485082986166
            ],
            [
              75.8426226926122,
              17.67820248635479
            ],
            [
              75.84061475607373,
              17.679650710014315
            ],
            [
              75.83887996202071,
              17.68025299350728
            ],
            [
              75.8369108918464,
              17.680609539512474
            ],
            [
              75.83512831577792,
              17.68036815106045
            ],
            [
              75.8330467177891,
              17.67966049384529
            ],
            [
              75.8309876769751,
              17.678783518906528
            ],
            [
              75.82940692381115,
              17.678420085767456
            ],
            [
              75.8271734773891,
              17.67864889858035
            ],
            [
              75.8259174218191,
              17.678995916392935
            ],
            [
              75.82406117734641,
              17.679839156363997
            ],
            [
              75.8221339763079,
              17.68035579408729
            ],
            [
              75.81761234757457,
              17.680239638786247
            ],
            [
              75.81490314527375,
              17.68034267601844
            ],
            [
              75.81255357190454,
              17.680887987457794
            ],
            [
              75.8119133790077,
              17.676519629090222
            ],
            [
              75.81318049256373,
              17.671281151621898
            ],
            [
              75.81745930673839,
              17.669198450049706
            ],
            [
              75.81851911039692,
              17.667583907095462
            ],
            [
              75.81900011838417,
              17.667323165912308
            ],
            [
              75.8239535355377,
              17.661685560905028
            ],
            [
              75.82408270976029,
              17.660017945572307
            ],
            [
              75.83208330816831,
              17.656921712949142
            ],
            [
              75.83234789049791,
              17.656191810027707
            ],
            [
              75.83811381612963,
              17.654462100559627
            ],
            [
              75.83749298015863,
              17.653326361854468
            ],
            [
              75.83853986709366,
              17.652363809047287
            ],
            [
              75.84039435676289,
              17.65222103954902
            ],
            [
              75.84582940713864,
              17.653267124477935
            ],
            [
              75.84751681314646,
              17.653017773416764
            ],
            [
              75.85094845602725,
              17.653405420146782
            ],
            [
              75.85283702699735,
              17.653803771502467
            ],
            [
              75.85610859813048,
              17.654454362105838
            ],
            [
              75.85997826376783,
              17.65484193894447
            ],
            [
              75.86047085600825,
              17.65538294570628
            ],
            [
              75.86196432688811,
              17.655252079339505
            ],
            [
              75.86659444971397,
              17.65618970388762
            ],
            [
              75.87015185714947,
              17.65714860759995
            ],
            [
              75.87292099157361,
              17.658409723053964
            ],
            [
              75.87411124068294,
              17.65881250445385
            ],
            [
              75.87732882521689,
              17.66038673122992
            ],
            [
              75.87857267753373,
              17.659028305620822
            ],
            [
              75.87969403996505,
              17.658860784058163
            ],
            [
              75.88003617684225,
              17.659060633306964
            ],
            [
              75.8826386617101,
              17.656784811933335
            ],
            [
              75.88326940091974,
              17.65726071868737
            ],
            [
              75.88476704680468,
              17.65578827759485
            ],
            [
              75.88642221824915,
              17.655387390473777
            ]
          ]
        ],
        "type": "Polygon"
      },
      "id": 1
    },
    {
      "type": "Feature",
      "properties": {
        "ward": 18
      },
      "geometry": {
        "coordinates": [
          [
            [
              75.93186495937789,
              17.64807755974884
            ],
            [
              75.93381127088699,
              17.65177883524842
            ],
            [
              75.93455067335344,
              17.653828604780372
            ],
            [
              75.93192137835257,
              17.655034117397534
            ],
            [
              75.93067233737577,
              17.65581116870932
            ],
            [
              75.92789211445285,
              17.656692239386786
            ],
            [
              75.92689243500902,
              17.657064692336803
            ],
            [
              75.92493841203196,
              17.658337184562896
            ],
            [
              75.92087320709305,
              17.660573047695436
            ],
            [
              75.92069668619891,
              17.658852409221026
            ],
            [
              75.9202188740826,
              17.656843561644422
            ],
            [
              75.91610773775909,
              17.653472429395705
            ],
            [
              75.91834355841084,
              17.653050540061855
            ],
            [
              75.92001072091114,
              17.652505918564273
            ],
            [
              75.92292042133741,
              17.651841850154455
            ],
            [
              75.9232343618356,
              17.651610083552796
            ],
            [
              75.9235994761691,
              17.651914995817123
            ],
            [
              75.92408332552739,
              17.653807742608734
            ],
            [
              75.92521632895975,
              17.653306408330366
            ],
            [
              75.9255107188134,
              17.651238049886743
            ],
            [
              75.92705109727822,
              17.650228517118194
            ],
            [
              75.92695162550189,
              17.6506210983447
            ],
            [
              75.92868457441631,
              17.650191929708413
            ],
            [
              75.93186495937789,
              17.64807755974884
            ]
          ]
        ],
        "type": "Polygon"
      },
      "id": 2
    },
    {
      "type": "Feature",
      "properties": {
        "ward": 24
      },
      "geometry": {
        "coordinates": [
          [
            [
              75.89426635031128,
              17.64901107513579
            ],
            [
              75.89465971815335,
              17.644951790550365
            ],
            [
              75.89249241936446,
              17.641088606742585
            ],
            [
              75.89324633704499,
              17.63765997950115
            ],
            [
              75.89311361990798,
              17.637485463772478
            ],
            [
              75.89167911690649,
              17.637235287330228
            ],
            [
              75.89149088230363,
              17.637025687048947
            ],
            [
              75.89158476942421,
              17.636471762765566
            ],
            [
              75.89188190104568,
              17.636354409250274
            ],
            [
              75.89249251548299,
              17.63472855239418
            ],
            [
              75.8956036186398,
              17.63451443940862
            ],
            [
              75.89782145883538,
              17.63544403646054
            ],
            [
              75.89826685004735,
              17.635421266016607
            ],
            [
              75.89774842942245,
              17.629997053982464
            ],
            [
              75.89642815870346,
              17.625998318523628
            ],
            [
              75.89757529021492,
              17.625923880739748
            ],
            [
              75.89960400095899,
              17.626649030784108
            ],
            [
              75.8997651758157,
              17.62626147435634
            ],
            [
              75.9032444616901,
              17.62594092452477
            ],
            [
              75.90665672311795,
              17.625950427784858
            ],
            [
              75.90988904270347,
              17.6260793097198
            ],
            [
              75.9098806262771,
              17.627456177040756
            ],
            [
              75.91051498482224,
              17.628605596029885
            ],
            [
              75.91054345120247,
              17.628846052423157
            ],
            [
              75.91108532893799,
              17.62966563773894
            ],
            [
              75.91120185660154,
              17.630846080134774
            ],
            [
              75.91542544721236,
              17.629793238567785
            ],
            [
              75.91551499044539,
              17.63208304040809
            ],
            [
              75.91480932795159,
              17.634077491399623
            ],
            [
              75.91392064436698,
              17.634318483934223
            ],
            [
              75.91460878289107,
              17.63583206599874
            ],
            [
              75.9162669483105,
              17.637510492079358
            ],
            [
              75.91619047250941,
              17.637616685863463
            ],
            [
              75.91555901840422,
              17.638174093416936
            ],
            [
              75.914295015233,
              17.639836910950308
            ],
            [
              75.91246582510911,
              17.642099382921515
            ],
            [
              75.90978750828847,
              17.644970185338252
            ],
            [
              75.90818249041845,
              17.6468682352247
            ],
            [
              75.90855786624397,
              17.647033722299597
            ],
            [
              75.90404140879428,
              17.651008584678408
            ],
            [
              75.9036274911715,
              17.65073221589138
            ],
            [
              75.90177733925137,
              17.64846707251489
            ],
            [
              75.90069513949663,
              17.646839417081367
            ],
            [
              75.89967532568124,
              17.644053807646984
            ],
            [
              75.89939865027651,
              17.6438602099243
            ],
            [
              75.89794195838803,
              17.64440138664611
            ],
            [
              75.89771914349666,
              17.644156657627505
            ],
            [
              75.89728825940361,
              17.644565710578192
            ],
            [
              75.89662616395023,
              17.644793070494202
            ],
            [
              75.89607138007065,
              17.645123083141982
            ],
            [
              75.89655469298398,
              17.647448959688106
            ],
            [
              75.8963886061282,
              17.64778755405537
            ],
            [
              75.89652438408217,
              17.648130636159465
            ],
            [
              75.89426635031128,
              17.64901107513579
            ]
          ]
        ],
        "type": "Polygon"
      },
      "id": 3
    },
    {
      "type": "Feature",
      "properties": {
        "ward": 3
      },
      "geometry": {
        "coordinates": [
          [
            [
              75.91762581948635,
              17.687707050461313
            ],
            [
              75.91402932049576,
              17.689166704171058
            ],
            [
              75.9117187199312,
              17.689522095755947
            ],
            [
              75.91005592444824,
              17.689654622627472
            ],
            [
              75.90782705344233,
              17.68930010269068
            ],
            [
              75.90783933898302,
              17.683715816473253
            ],
            [
              75.90872790781575,
              17.683517979506405
            ],
            [
              75.91050333471438,
              17.682837028049107
            ],
            [
              75.91192999656619,
              17.68187334700002
            ],
            [
              75.91186255817459,
              17.681040563625118
            ],
            [
              75.91153552524159,
              17.680634853965714
            ],
            [
              75.91122893326596,
              17.678448055141672
            ],
            [
              75.91196511270797,
              17.67822863489907
            ],
            [
              75.9147642859516,
              17.677972291465224
            ],
            [
              75.91676267388334,
              17.678263979086807
            ],
            [
              75.91784278598183,
              17.67877636751473
            ],
            [
              75.91765849549978,
              17.679787788207435
            ],
            [
              75.91598007753981,
              17.68049727119522
            ],
            [
              75.91597895560193,
              17.681058652835702
            ],
            [
              75.91718895574152,
              17.68234625013355
            ],
            [
              75.91778350093216,
              17.682514662716116
            ],
            [
              75.9190994137989,
              17.68459521705647
            ],
            [
              75.9174092117099,
              17.68553136647266
            ],
            [
              75.91644262116858,
              17.687256893362516
            ],
            [
              75.91762581948635,
              17.687707050461313
            ]
          ]
        ],
        "type": "Polygon"
      },
      "id": 4
    },
    {
      "type": "Feature",
      "properties": {
        "ward": 1
      },
      "geometry": {
        "coordinates": [
          [
            [
              75.90067914709329,
              17.685293298924563
            ],
            [
              75.90082994219463,
              17.685459739739073
            ],
            [
              75.90259831600932,
              17.687022267519694
            ],
            [
              75.90493857914288,
              17.688474582924783
            ],
            [
              75.90780268768549,
              17.689341380077153
            ],
            [
              75.91008424751345,
              17.689712859362956
            ],
            [
              75.91172215585027,
              17.68957029049973
            ],
            [
              75.91407049008521,
              17.689202911549202
            ],
            [
              75.91755647267976,
              17.6877130725874
            ],
            [
              75.91759899029654,
              17.687841226406434
            ],
            [
              75.92164362517406,
              17.689372979915802
            ],
            [
              75.92240114030011,
              17.690341252277378
            ],
            [
              75.92475899686178,
              17.69251436032087
            ],
            [
              75.92696523527502,
              17.69372877589484
            ],
            [
              75.92748331409646,
              17.694387541146938
            ],
            [
              75.92965939366181,
              17.695354635755322
            ],
            [
              75.93179223784088,
              17.695811285265336
            ],
            [
              75.93711562580694,
              17.69710312712509
            ],
            [
              75.93497043920229,
              17.705582656206687
            ],
            [
              75.93505004929224,
              17.707285073933008
            ],
            [
              75.93451063971645,
              17.70751746414429
            ],
            [
              75.93493988867448,
              17.71514519289829
            ],
            [
              75.93378377805544,
              17.71525795340783
            ],
            [
              75.9310410576908,
              17.715974088800124
            ],
            [
              75.93065110679623,
              17.715962455606046
            ],
            [
              75.93035260843328,
              17.716103950712977
            ],
            [
              75.92761346381943,
              17.71667955960598
            ],
            [
              75.92255002600865,
              17.716562787689952
            ],
            [
              75.91837267342544,
              17.716185059014535
            ],
            [
              75.91548367509452,
              17.715937745672065
            ],
            [
              75.91390237046394,
              17.71597970585833
            ],
            [
              75.90977219751599,
              17.716036420420423
            ],
            [
              75.90798766581224,
              17.716512846602356
            ],
            [
              75.90799628925501,
              17.716907350486395
            ],
            [
              75.90433912914008,
              17.717201065502366
            ],
            [
              75.90443235300171,
              17.717649514899634
            ],
            [
              75.90363179584773,
              17.71791703049047
            ],
            [
              75.903419246389,
              17.718306647340995
            ],
            [
              75.90322604064428,
              17.71843629750694
            ],
            [
              75.90209999433586,
              17.71899927334124
            ],
            [
              75.90171060372592,
              17.720349170490024
            ],
            [
              75.89912919919885,
              17.718495932600945
            ],
            [
              75.89645037361316,
              17.712955590141917
            ],
            [
              75.88953814296374,
              17.713904879213544
            ],
            [
              75.88446966935055,
              17.713158967756897
            ],
            [
              75.88522420816793,
              17.708905230087026
            ],
            [
              75.88850850061917,
              17.70661910221284
            ],
            [
              75.8901553861408,
              17.70307668462634
            ],
            [
              75.89283218248599,
              17.69661430017112
            ],
            [
              75.89479438701068,
              17.692981640392517
            ],
            [
              75.89559897436644,
              17.690400912210222
            ],
            [
              75.90067914709329,
              17.685293298924563
            ]
          ]
        ],
        "type": "Polygon"
      },
      "id": 5
    },
    {
      "type": "Feature",
      "properties": {
        "ward": 14
      },
      "geometry": {
        "coordinates": [
          [
            [
              75.90897141243059,
              17.674743123908
            ],
            [
              75.90888170441426,
              17.669912794890436
            ],
            [
              75.90739350553699,
              17.665955325456878
            ],
            [
              75.90802550668226,
              17.665457124012818
            ],
            [
              75.90705579129698,
              17.664534766339514
            ],
            [
              75.90661493769991,
              17.660389582946223
            ],
            [
              75.90696449745383,
              17.658795345583925
            ],
            [
              75.91021733498738,
              17.658225315329744
            ],
            [
              75.91050874220593,
              17.659086931494116
            ],
            [
              75.91063729908925,
              17.660274053986868
            ],
            [
              75.91092011255324,
              17.66123451026455
            ],
            [
              75.9113298727597,
              17.661774927925777
            ],
            [
              75.91138436519657,
              17.662333618743958
            ],
            [
              75.91440120175011,
              17.66250599259878
            ],
            [
              75.91478494291906,
              17.662629217542445
            ],
            [
              75.91385726412764,
              17.666501493360983
            ],
            [
              75.91409907383618,
              17.666720864370703
            ],
            [
              75.91496325811795,
              17.6686388302725
            ],
            [
              75.91548423292716,
              17.66916275591734
            ],
            [
              75.9157502330319,
              17.67017409929707
            ],
            [
              75.91651295056184,
              17.672009913117293
            ],
            [
              75.91567347006702,
              17.672486427996787
            ],
            [
              75.91413739937411,
              17.672707666618223
            ],
            [
              75.91245416931076,
              17.67293451156793
            ],
            [
              75.91246882610784,
              17.67313002243371
            ],
            [
              75.91267402126647,
              17.67313002243371
            ],
            [
              75.91310204297022,
              17.674380173638184
            ],
            [
              75.91048913174401,
              17.67461907207597
            ],
            [
              75.91047593522168,
              17.675285471304733
            ],
            [
              75.90959176829602,
              17.67478252871848
            ],
            [
              75.90897141243059,
              17.674743123908
            ]
          ]
        ],
        "type": "Polygon"
      },
      "id": 6
    },
    {
      "type": "Feature",
      "properties": {
        "ward": 17
      },
      "geometry": {
        "coordinates": [
          [
            [
              75.91474394511116,
              17.662644396149176
            ],
            [
              75.91440548629171,
              17.662504827135308
            ],
            [
              75.91137772457753,
              17.662334344144753
            ],
            [
              75.9113219802311,
              17.661763711229952
            ],
            [
              75.91092310808571,
              17.661256337573263
            ],
            [
              75.91060201694799,
              17.66021559586615
            ],
            [
              75.91111551467003,
              17.660160390678143
            ],
            [
              75.91184845745133,
              17.659792820643034
            ],
            [
              75.91217397785215,
              17.65904357983466
            ],
            [
              75.91195286474283,
              17.658084833391953
            ],
            [
              75.9153450465655,
              17.657423916682248
            ],
            [
              75.91758097038104,
              17.65671021113097
            ],
            [
              75.9178302165343,
              17.656225470372377
            ],
            [
              75.91923212356346,
              17.655919254176695
            ],
            [
              75.92016867407253,
              17.656847231454734
            ],
            [
              75.92074115039765,
              17.65886521392305
            ],
            [
              75.91887221879995,
              17.65913448954079
            ],
            [
              75.91729629821066,
              17.66018219476065
            ],
            [
              75.91707789480435,
              17.65997328998054
            ],
            [
              75.91642935396868,
              17.660220719549713
            ],
            [
              75.91503182328486,
              17.66044273119799
            ],
            [
              75.91474394511116,
              17.662644396149176
            ]
          ]
        ],
        "type": "Polygon"
      },
      "id": 7
    },
    {
      "type": "Feature",
      "properties": {
        "ward": 13
      },
      "geometry": {
        "coordinates": [
          [
            [
              75.91382945635357,
              17.666554077717194
            ],
            [
              75.91476855446996,
              17.662634911196136
            ],
            [
              75.91504128920528,
              17.66045572433117
            ],
            [
              75.91641622918499,
              17.660231201936682
            ],
            [
              75.91708152563004,
              17.659993764054875
            ],
            [
              75.91728586148986,
              17.660211683569045
            ],
            [
              75.91885554555324,
              17.65915742806807
            ],
            [
              75.92069666493671,
              17.65889163448618
            ],
            [
              75.92095563799862,
              17.660541154021715
            ],
            [
              75.92496579498214,
              17.658291123352697
            ],
            [
              75.92589581273128,
              17.66168902044768
            ],
            [
              75.92568997256615,
              17.66231452756604
            ],
            [
              75.92623817008678,
              17.662797756572658
            ],
            [
              75.92633652687516,
              17.664362275464683
            ],
            [
              75.92713187170398,
              17.664188197066366
            ],
            [
              75.92728095426739,
              17.664784315921324
            ],
            [
              75.92834277451107,
              17.66468000604216
            ],
            [
              75.92910859113812,
              17.66472758523662
            ],
            [
              75.92954623608003,
              17.666469723812128
            ],
            [
              75.92693189717568,
              17.667227102187496
            ],
            [
              75.92710450663017,
              17.668178908138643
            ],
            [
              75.92172721131817,
              17.668425205532913
            ],
            [
              75.91382945635357,
              17.666554077717194
            ]
          ]
        ],
        "type": "Polygon"
      },
      "id": 8
    },
    {
      "type": "Feature",
      "properties": {
        "ward": 9
      },
      "geometry": {
        "coordinates": [
          [
            [
              75.91650426649178,
              17.67204358794747
            ],
            [
              75.91548035274087,
              17.66916421158632
            ],
            [
              75.9149328412168,
              17.668679464861583
            ],
            [
              75.9141565036781,
              17.666802123009433
            ],
            [
              75.91398596713412,
              17.666631916785235
            ],
            [
              75.92172707410958,
              17.66843000066895
            ],
            [
              75.92710024306498,
              17.668201615626103
            ],
            [
              75.9269219620814,
              17.667232467294852
            ],
            [
              75.9295507546542,
              17.66648519605276
            ],
            [
              75.93076104749395,
              17.6714215919191
            ],
            [
              75.93066125226719,
              17.672510975095122
            ],
            [
              75.93126106388777,
              17.672432339323976
            ],
            [
              75.93153584294973,
              17.67865118088804
            ],
            [
              75.9311597948998,
              17.68091497693493
            ],
            [
              75.93053915111886,
              17.683139643100077
            ],
            [
              75.93067411805237,
              17.683412451885374
            ],
            [
              75.93053751118808,
              17.683960199772812
            ],
            [
              75.9220790456512,
              17.680496848178862
            ],
            [
              75.92048369200728,
              17.679837494919298
            ],
            [
              75.92029755400483,
              17.68007694193146
            ],
            [
              75.91973689181921,
              17.679855794577406
            ],
            [
              75.91978306852994,
              17.67945885711802
            ],
            [
              75.9178530021963,
              17.678739518943942
            ],
            [
              75.91837811431517,
              17.675797188990714
            ],
            [
              75.91650426649178,
              17.67204358794747
            ]
          ]
        ],
        "type": "Polygon"
      },
      "id": 9
    },
    {
      "type": "Feature",
      "properties": {
        "ward": 16
      },
      "geometry": {
        "coordinates": [
          [
            [
              75.91910201804706,
              17.655957315196005
            ],
            [
              75.91783051807394,
              17.656227699963523
            ],
            [
              75.9175738936967,
              17.656714781884077
            ],
            [
              75.91534112069581,
              17.657432305146983
            ],
            [
              75.91195285622987,
              17.658087063258918
            ],
            [
              75.91217504324814,
              17.659047189426275
            ],
            [
              75.91184412301126,
              17.65979474715347
            ],
            [
              75.91111901330916,
              17.660167593247508
            ],
            [
              75.9106322806227,
              17.66021823209813
            ],
            [
              75.91050657960332,
              17.659093184624027
            ],
            [
              75.9102048319055,
              17.658240184552724
            ],
            [
              75.906968696008,
              17.658809619221856
            ],
            [
              75.90393436002844,
              17.658832006840996
            ],
            [
              75.90136702014968,
              17.659020753728413
            ],
            [
              75.899562432594,
              17.65989348812448
            ],
            [
              75.89793611638791,
              17.66117610077218
            ],
            [
              75.89576892847708,
              17.66326234727704
            ],
            [
              75.89448047988435,
              17.662305093643553
            ],
            [
              75.89554961927328,
              17.660568704924273
            ],
            [
              75.89863971390392,
              17.65692054014488
            ],
            [
              75.89907376572717,
              17.656789805723818
            ],
            [
              75.90404019027596,
              17.651096226544922
            ],
            [
              75.90663844710107,
              17.64870570409309
            ],
            [
              75.90861588509546,
              17.64702613366734
            ],
            [
              75.90822505027498,
              17.64684204127397
            ],
            [
              75.90982798931313,
              17.64494301362957
            ],
            [
              75.91054730220299,
              17.645015551009138
            ],
            [
              75.91069207260577,
              17.6451936258904
            ],
            [
              75.91131571413314,
              17.645048556393263
            ],
            [
              75.9114358427058,
              17.645108045109595
            ],
            [
              75.91207016245244,
              17.645152661304408
            ],
            [
              75.91327643543431,
              17.645528913042256
            ],
            [
              75.91382243738028,
              17.645775666121665
            ],
            [
              75.9140855402311,
              17.645756433840788
            ],
            [
              75.91421491191798,
              17.64601798730196
            ],
            [
              75.91263831640975,
              17.648687644700885
            ],
            [
              75.91244310121962,
              17.648807242107495
            ],
            [
              75.912934700573,
              17.65133863967003
            ],
            [
              75.9128536740275,
              17.65146823360422
            ],
            [
              75.91293881492814,
              17.651589332963454
            ],
            [
              75.9131903517652,
              17.65158759037415
            ],
            [
              75.91429767896832,
              17.651945374156654
            ],
            [
              75.91598655454078,
              17.653394597833937
            ],
            [
              75.91910201804706,
              17.655957315196005
            ]
          ]
        ],
        "type": "Polygon"
      },
      "id": 10
    },
    {
      "type": "Feature",
      "properties": {
        "ward": 15
      },
      "geometry": {
        "coordinates": [
          [
            [
              75.8944651880445,
              17.662350467234162
            ],
            [
              75.89448267852026,
              17.662313795398802
            ],
            [
              75.89576712106063,
              17.66326648585192
            ],
            [
              75.89795412483556,
              17.661162067180584
            ],
            [
              75.89957036039783,
              17.65989070288005
            ],
            [
              75.9013695921229,
              17.65902413337021
            ],
            [
              75.9039272572862,
              17.658832967080855
            ],
            [
              75.90695933485742,
              17.65882287256221
            ],
            [
              75.90660734346272,
              17.660390491137903
            ],
            [
              75.90704379176748,
              17.66452461289981
            ],
            [
              75.90801698322002,
              17.665463608100566
            ],
            [
              75.90740117307197,
              17.665955540670737
            ],
            [
              75.90886528570769,
              17.669921187723943
            ],
            [
              75.90895934861578,
              17.674737639242807
            ],
            [
              75.90873690557109,
              17.674683293362094
            ],
            [
              75.90852070548098,
              17.67469627578548
            ],
            [
              75.90742788721073,
              17.675055408651104
            ],
            [
              75.90693987267676,
              17.674813779686417
            ],
            [
              75.9068609006732,
              17.67499553159915
            ],
            [
              75.90625279376033,
              17.67536054235167
            ],
            [
              75.90543790732394,
              17.67572285304047
            ],
            [
              75.90471784326661,
              17.67640097432634
            ],
            [
              75.90387236893594,
              17.676616107780248
            ],
            [
              75.90324051567762,
              17.676346002254803
            ],
            [
              75.90320245840826,
              17.67665439993779
            ],
            [
              75.9032127473948,
              17.67712520093768
            ],
            [
              75.89941546322817,
              17.67686834466106
            ],
            [
              75.8990229660144,
              17.676594792576864
            ],
            [
              75.89899140519825,
              17.676934447814432
            ],
            [
              75.89807361290374,
              17.67687183568661
            ],
            [
              75.89781291970513,
              17.67561749457036
            ],
            [
              75.89476033985147,
              17.67646785670395
            ],
            [
              75.89481796700127,
              17.677091593822993
            ],
            [
              75.89286826253877,
              17.677064959169115
            ],
            [
              75.89236231365805,
              17.67722902309292
            ],
            [
              75.88947668845137,
              17.67590392906537
            ],
            [
              75.89036218413801,
              17.674707755252186
            ],
            [
              75.89098434524112,
              17.673383935440867
            ],
            [
              75.88922346783932,
              17.672962491659618
            ],
            [
              75.88939390311887,
              17.672611470878635
            ],
            [
              75.8891849161408,
              17.671752282175575
            ],
            [
              75.88903592892802,
              17.67015706897459
            ],
            [
              75.88945390092846,
              17.668947668883206
            ],
            [
              75.88933331992214,
              17.667781898135914
            ],
            [
              75.88917500869914,
              17.664682323993105
            ],
            [
              75.89030853318548,
              17.664914951722082
            ],
            [
              75.89115726677107,
              17.66520131436056
            ],
            [
              75.89126347532269,
              17.664288264279804
            ],
            [
              75.89111762213054,
              17.663561826486742
            ],
            [
              75.8920932987921,
              17.662313542252235
            ],
            [
              75.89247310426347,
              17.66199147985799
            ],
            [
              75.89258539319303,
              17.66145697460837
            ],
            [
              75.89303736008682,
              17.661642049504508
            ],
            [
              75.8944651880445,
              17.662350467234162
            ]
          ]
        ],
        "type": "Polygon"
      },
      "id": 11
    },
    {
      "type": "Feature",
      "properties": {
        "ward": 8
      },
      "geometry": {
        "coordinates": [
          [
            [
              75.90469899461178,
              17.67641232466464
            ],
            [
              75.90472072509428,
              17.6764012896968
            ],
            [
              75.90543758384862,
              17.67572476405516
            ],
            [
              75.90625348756177,
              17.675362707049757
            ],
            [
              75.90686302156428,
              17.674999243270832
            ],
            [
              75.90694070248662,
              17.674826385076727
            ],
            [
              75.90743226625494,
              17.675061146040505
            ],
            [
              75.90852705634586,
              17.674701686830502
            ],
            [
              75.90874564006535,
              17.674688200731637
            ],
            [
              75.90895567586429,
              17.674745714277535
            ],
            [
              75.90959099233504,
              17.674789672611738
            ],
            [
              75.91047885714565,
              17.67528549417942
            ],
            [
              75.91049081831011,
              17.674628226149736
            ],
            [
              75.91310561611496,
              17.674386649601033
            ],
            [
              75.91267031529739,
              17.673123853918852
            ],
            [
              75.91246142258842,
              17.673132386166955
            ],
            [
              75.912449328404,
              17.672944238084455
            ],
            [
              75.91567635933094,
              17.672507168090817
            ],
            [
              75.91649240244101,
              17.672047794757916
            ],
            [
              75.9183547064487,
              17.675812695753123
            ],
            [
              75.91784594870043,
              17.67874630601885
            ],
            [
              75.9167511389308,
              17.678234735282643
            ],
            [
              75.91476447165567,
              17.67795029273759
            ],
            [
              75.91195775742312,
              17.678205823587106
            ],
            [
              75.91072304141301,
              17.678586034941134
            ],
            [
              75.90740106353798,
              17.679638286745018
            ],
            [
              75.90529179466262,
              17.68128510673641
            ],
            [
              75.90464016619475,
              17.681312370657707
            ],
            [
              75.90451622432704,
              17.680935653085243
            ],
            [
              75.90432976448767,
              17.67977496558916
            ],
            [
              75.90477943276144,
              17.678863823186035
            ],
            [
              75.90475212185359,
              17.678468869209425
            ],
            [
              75.90540454990193,
              17.67840152736143
            ],
            [
              75.90539132859834,
              17.677108017475803
            ],
            [
              75.90469899461178,
              17.67641232466464
            ]
          ]
        ],
        "type": "Polygon"
      },
      "id": 12
    },
    {
      "type": "Feature",
      "properties": {
        "ward": 7
      },
      "geometry": {
        "coordinates": [
          [
            [
              75.88945951623194,
              17.675909081633492
            ],
            [
              75.89236346924295,
              17.67723263687735
            ],
            [
              75.89287039585852,
              17.677073616814837
            ],
            [
              75.89481607126831,
              17.677097977605683
            ],
            [
              75.89476450537643,
              17.676471562350315
            ],
            [
              75.89780839039031,
              17.675618857845038
            ],
            [
              75.89806881358189,
              17.676874397934796
            ],
            [
              75.89899818257325,
              17.67693911602973
            ],
            [
              75.89902331546506,
              17.676606730794944
            ],
            [
              75.89940973728278,
              17.676879420756563
            ],
            [
              75.90321959914769,
              17.677130309979447
            ],
            [
              75.90320694251523,
              17.67666143034772
            ],
            [
              75.9032519575153,
              17.67635671135045
            ],
            [
              75.9038731046667,
              17.67662551024908
            ],
            [
              75.90469609680537,
              17.67640951487587
            ],
            [
              75.90539031579874,
              17.677112485327783
            ],
            [
              75.90540397162712,
              17.678401437947187
            ],
            [
              75.90475024451786,
              17.678469480138588
            ],
            [
              75.90477673626424,
              17.67886400489529
            ],
            [
              75.9043271862825,
              17.679781670054908
            ],
            [
              75.90451354781072,
              17.680934942054492
            ],
            [
              75.90463093138877,
              17.681315437218373
            ],
            [
              75.90311091658774,
              17.681131164102396
            ],
            [
              75.90145392291595,
              17.680812292330742
            ],
            [
              75.899835041425,
              17.680308148421943
            ],
            [
              75.89936429138947,
              17.67994941628804
            ],
            [
              75.8988110601656,
              17.679827464617716
            ],
            [
              75.89360597649508,
              17.68450679003108
            ],
            [
              75.89293983622525,
              17.68498452271062
            ],
            [
              75.8912037983568,
              17.686614008645876
            ],
            [
              75.89072206724057,
              17.685548084476622
            ],
            [
              75.88923181713386,
              17.684138620939834
            ],
            [
              75.88861407747311,
              17.682668662813086
            ],
            [
              75.88815184711075,
              17.68186345579339
            ],
            [
              75.8876001484299,
              17.681224093148046
            ],
            [
              75.88617600571834,
              17.680770201100344
            ],
            [
              75.8849137992874,
              17.6801070333851
            ],
            [
              75.88454339301092,
              17.679509336672382
            ],
            [
              75.88477550534904,
              17.67912273196012
            ],
            [
              75.8844265693933,
              17.678719452351473
            ],
            [
              75.88444334848748,
              17.678526836916248
            ],
            [
              75.8848860132727,
              17.678515491154656
            ],
            [
              75.88735680673423,
              17.677648878523456
            ],
            [
              75.88945951623194,
              17.675909081633492
            ]
          ]
        ],
        "type": "Polygon"
      },
      "id": 13
    },
    {
      "type": "Feature",
      "properties": {
        "ward": 4
      },
      "geometry": {
        "coordinates": [
          [
            [
              75.91124478759966,
              17.678545847517015
            ],
            [
              75.9114654417958,
              17.680280153485526
            ],
            [
              75.91154091691968,
              17.68064329809924
            ],
            [
              75.91185391595053,
              17.68102822621624
            ],
            [
              75.91193294314567,
              17.68185687672758
            ],
            [
              75.91054598183575,
              17.682806711986473
            ],
            [
              75.90873657956362,
              17.683481062526965
            ],
            [
              75.90782621944473,
              17.683697211816963
            ],
            [
              75.9078035785551,
              17.68605452747164
            ],
            [
              75.90782333788698,
              17.689288407467785
            ],
            [
              75.90495687628635,
              17.68840941341493
            ],
            [
              75.90256003185297,
              17.686972192763065
            ],
            [
              75.90079293413811,
              17.685384337636748
            ],
            [
              75.89951961828046,
              17.683406523813545
            ],
            [
              75.8991690717487,
              17.682505501184238
            ],
            [
              75.90114578066758,
              17.682176254093463
            ],
            [
              75.9010456469411,
              17.681076710029075
            ],
            [
              75.90064017621708,
              17.680890846543008
            ],
            [
              75.90077307504922,
              17.68060363827223
            ],
            [
              75.90144720062142,
              17.680825874073008
            ],
            [
              75.90313111688681,
              17.68114072411285
            ],
            [
              75.90462882318266,
              17.681318839238727
            ],
            [
              75.90529780273303,
              17.681286827857775
            ],
            [
              75.90740314867116,
              17.679648136429208
            ],
            [
              75.91123407369025,
              17.67843426500653
            ],
            [
              75.91124478759966,
              17.678545847517015
            ]
          ]
        ],
        "type": "Polygon"
      },
      "id": 14
    },
    {
      "type": "Feature",
      "properties": {
        "ward": 10
      },
      "geometry": {
        "coordinates": [
          [
            [
              75.93053366957204,
              17.683969430025186
            ],
            [
              75.9306901796079,
              17.6834075751989
            ],
            [
              75.93054802619173,
              17.68313938220328
            ],
            [
              75.93118540334174,
              17.680869534427003
            ],
            [
              75.93153325419794,
              17.678650678247337
            ],
            [
              75.93123528090499,
              17.672459536720496
            ],
            [
              75.93345396104772,
              17.672335228892976
            ],
            [
              75.93956489936213,
              17.670429383737485
            ],
            [
              75.94302781478862,
              17.670152035895782
            ],
            [
              75.94410081858487,
              17.673824313937672
            ],
            [
              75.94391658365134,
              17.67443430026681
            ],
            [
              75.9441267900487,
              17.674917571170297
            ],
            [
              75.94374263252351,
              17.67518179223204
            ],
            [
              75.9432849201823,
              17.67526814995668
            ],
            [
              75.94313136359946,
              17.678138349035677
            ],
            [
              75.94506737172296,
              17.678122846647852
            ],
            [
              75.94529919118335,
              17.678358000532967
            ],
            [
              75.94540359741393,
              17.678948375213963
            ],
            [
              75.94753354598714,
              17.678633673701583
            ],
            [
              75.94782898494122,
              17.678734809432726
            ],
            [
              75.9478519097785,
              17.679637330104455
            ],
            [
              75.94809418728565,
              17.679922800513694
            ],
            [
              75.94810691165532,
              17.680600189265462
            ],
            [
              75.94849612455087,
              17.68132855762012
            ],
            [
              75.94836539954773,
              17.68157981594706
            ],
            [
              75.94800651534217,
              17.681525512528253
            ],
            [
              75.94294507619804,
              17.68214925513388
            ],
            [
              75.94305033631403,
              17.68565074025291
            ],
            [
              75.94283978260788,
              17.687102285777982
            ],
            [
              75.94116423460142,
              17.687226666469414
            ],
            [
              75.94058294353059,
              17.68751063077586
            ],
            [
              75.93340002967972,
              17.685125564251194
            ],
            [
              75.93053366957204,
              17.683969430025186
            ]
          ]
        ],
        "type": "Polygon"
      },
      "id": 15
    },
    {
      "type": "Feature",
      "properties": {
        "ward": 2
      },
      "geometry": {
        "coordinates": [
          [
            [
              75.91763456379022,
              17.687792049322724
            ],
            [
              75.9176245257477,
              17.687713382315437
            ],
            [
              75.91644864507163,
              17.687277265400326
            ],
            [
              75.91741027675315,
              17.685538502116316
            ],
            [
              75.91911271782732,
              17.68461574615226
            ],
            [
              75.91778082211786,
              17.68249506380127
            ],
            [
              75.9171699469953,
              17.682356523513675
            ],
            [
              75.91597264533505,
              17.681057833749037
            ],
            [
              75.91600601327582,
              17.680506352685043
            ],
            [
              75.91767001046014,
              17.679825819228327
            ],
            [
              75.91786006810321,
              17.678746580177133
            ],
            [
              75.91977928024508,
              17.679503311496973
            ],
            [
              75.91971592769735,
              17.679863057052643
            ],
            [
              75.92029813434087,
              17.680101005978315
            ],
            [
              75.92050763728636,
              17.679883708161455
            ],
            [
              75.92282658008764,
              17.680849523967453
            ],
            [
              75.93328279442918,
              17.685168536484753
            ],
            [
              75.94058836626655,
              17.687577220484556
            ],
            [
              75.94785772716193,
              17.688833184277513
            ],
            [
              75.95403169837235,
              17.690319048717456
            ],
            [
              75.95762159995556,
              17.69155214171795
            ],
            [
              75.95995466037746,
              17.707902876925232
            ],
            [
              75.96447986134379,
              17.708709663234487
            ],
            [
              75.965313288646,
              17.711146815960134
            ],
            [
              75.9651389253672,
              17.714500442981958
            ],
            [
              75.96239266868656,
              17.714914700224483
            ],
            [
              75.96307767829353,
              17.718209925497746
            ],
            [
              75.96171596643066,
              17.717947931896845
            ],
            [
              75.96154575332216,
              17.719225274794795
            ],
            [
              75.95311601230978,
              17.72164548340696
            ],
            [
              75.94923741784555,
              17.722377076791105
            ],
            [
              75.94114731327727,
              17.722049590484332
            ],
            [
              75.9366671547854,
              17.72152732537529
            ],
            [
              75.93626992545754,
              17.719302637126376
            ],
            [
              75.93540522400366,
              17.718595610827848
            ],
            [
              75.93495059344545,
              17.715153136830168
            ],
            [
              75.93453906279083,
              17.707523555757604
            ],
            [
              75.93507926763843,
              17.7072973396683
            ],
            [
              75.93498229067669,
              17.70557524809189
            ],
            [
              75.93712633717877,
              17.697034881177444
            ],
            [
              75.93346681734823,
              17.696227257788934
            ],
            [
              75.9318440358036,
              17.695762368685024
            ],
            [
              75.92968601862785,
              17.695325962985407
            ],
            [
              75.9275036570344,
              17.6943938695336
            ],
            [
              75.92697117460878,
              17.693723287533516
            ],
            [
              75.92482157980467,
              17.69250510605802
            ],
            [
              75.92238752974467,
              17.690295094864112
            ],
            [
              75.92163610485883,
              17.68935951611931
            ],
            [
              75.92142722392433,
              17.689243437004833
            ],
            [
              75.91763456379022,
              17.687792049322724
            ]
          ]
        ],
        "type": "Polygon"
      },
      "id": 16
    },
    {
      "type": "Feature",
      "properties": {
        "ward": 5
      },
      "geometry": {
        "coordinates": [
          [
            [
              75.88443008890209,
              17.6785290506794
            ],
            [
              75.88441687371835,
              17.67871384858004
            ],
            [
              75.88477159410299,
              17.67913331820237
            ],
            [
              75.88454577621198,
              17.679511630985296
            ],
            [
              75.88491400965363,
              17.680102474217037
            ],
            [
              75.88618672369077,
              17.680785339300456
            ],
            [
              75.88758521985464,
              17.681213247215748
            ],
            [
              75.88814963355756,
              17.681902766544532
            ],
            [
              75.88864228636238,
              17.682738870578024
            ],
            [
              75.88875308663592,
              17.68310537456746
            ],
            [
              75.88923470964028,
              17.684157917175156
            ],
            [
              75.8907030816004,
              17.685556312505838
            ],
            [
              75.89119768825732,
              17.686625654279513
            ],
            [
              75.89300788641737,
              17.68496596936277
            ],
            [
              75.89355681549725,
              17.684562006297263
            ],
            [
              75.8988160932737,
              17.679836129792
            ],
            [
              75.89935414088019,
              17.679947622203475
            ],
            [
              75.89982544303325,
              17.68031176299918
            ],
            [
              75.90077075224438,
              17.680597671235837
            ],
            [
              75.90063535399923,
              17.68089344607633
            ],
            [
              75.9010390544527,
              17.68108721324971
            ],
            [
              75.90112948693051,
              17.68216910137165
            ],
            [
              75.89915340889377,
              17.682521372154316
            ],
            [
              75.89936188486463,
              17.68310477807435
            ],
            [
              75.89944660359168,
              17.683339280711927
            ],
            [
              75.89975771641954,
              17.683816687155147
            ],
            [
              75.90068404001887,
              17.685192569470914
            ],
            [
              75.8955414604246,
              17.690361121235924
            ],
            [
              75.89484638536936,
              17.69270801757679
            ],
            [
              75.8932778400589,
              17.695633662923115
            ],
            [
              75.88936658016308,
              17.7045428303187
            ],
            [
              75.8884810163386,
              17.70666632870092
            ],
            [
              75.88519397652239,
              17.708889936181066
            ],
            [
              75.8843583393843,
              17.713235376338588
            ],
            [
              75.88332198565875,
              17.71713344631723
            ],
            [
              75.87123091159347,
              17.716549767298623
            ],
            [
              75.86290601154604,
              17.718877454055406
            ],
            [
              75.86129356217583,
              17.718534301260014
            ],
            [
              75.85579279494726,
              17.727826880000332
            ],
            [
              75.85657606646022,
              17.730317262746716
            ],
            [
              75.84918517915276,
              17.733367182811737
            ],
            [
              75.84756919241565,
              17.729682224095782
            ],
            [
              75.84138883970186,
              17.726136901784887
            ],
            [
              75.8379950932669,
              17.722160460075635
            ],
            [
              75.83499164039314,
              17.719430757481216
            ],
            [
              75.83595622824524,
              17.705853080749662
            ],
            [
              75.83577393031706,
              17.704551297796293
            ],
            [
              75.83580975488886,
              17.703151576030024
            ],
            [
              75.83731149527944,
              17.699860441076382
            ],
            [
              75.84121694867886,
              17.695514197654504
            ],
            [
              75.84288436752502,
              17.693487413861163
            ],
            [
              75.84318145712905,
              17.691878690914365
            ],
            [
              75.84494143359603,
              17.69029717843047
            ],
            [
              75.84486322068784,
              17.68735015992368
            ],
            [
              75.84055236358347,
              17.687097841924327
            ],
            [
              75.84054449571727,
              17.686358874140126
            ],
            [
              75.83290851688935,
              17.687012750781747
            ],
            [
              75.83183438896546,
              17.686752613830663
            ],
            [
              75.82920761239859,
              17.6872019036894
            ],
            [
              75.82890032171898,
              17.686658260521952
            ],
            [
              75.82753648937461,
              17.686406500568523
            ],
            [
              75.82786506737065,
              17.685650334083704
            ],
            [
              75.8271782904408,
              17.683280845893165
            ],
            [
              75.82138003835661,
              17.685531732053576
            ],
            [
              75.82042762323786,
              17.68515607308025
            ],
            [
              75.81742691512719,
              17.685675913435702
            ],
            [
              75.8177860362029,
              17.68366445160318
            ],
            [
              75.81549740085902,
              17.683183676886898
            ],
            [
              75.81283054510752,
              17.683686816203178
            ],
            [
              75.81266044066646,
              17.68095006826202
            ],
            [
              75.81499067968713,
              17.680438445801713
            ],
            [
              75.81758185392161,
              17.680273504427277
            ],
            [
              75.82029953685682,
              17.680444614963136
            ],
            [
              75.82235373357946,
              17.680417444868453
            ],
            [
              75.82406618655557,
              17.679932396871365
            ],
            [
              75.82608852197745,
              17.678938979725544
            ],
            [
              75.82725213450402,
              17.678610996171415
            ],
            [
              75.82949437571585,
              17.678493889805466
            ],
            [
              75.83086417896823,
              17.678811797206876
            ],
            [
              75.83334774076476,
              17.679764920246853
            ],
            [
              75.83512947453397,
              17.68034118339304
            ],
            [
              75.83701486491225,
              17.68059733600343
            ],
            [
              75.83887596096423,
              17.68028220055335
            ],
            [
              75.84073039847061,
              17.6796623879291
            ],
            [
              75.84280815977337,
              17.678208607411662
            ],
            [
              75.84543340089596,
              17.676109450794485
            ],
            [
              75.84782129187428,
              17.674482336859484
            ],
            [
              75.8508271891333,
              17.673138205919955
            ],
            [
              75.85291210523317,
              17.672635731996934
            ],
            [
              75.85422257956759,
              17.672466399229478
            ],
            [
              75.85498360528115,
              17.672407817562984
            ],
            [
              75.85635336660269,
              17.672411476563468
            ],
            [
              75.85841686284951,
              17.672610097913363
            ],
            [
              75.8592958506029,
              17.672733474930112
            ],
            [
              75.86198116622819,
              17.673497670436944
            ],
            [
              75.86626958666145,
              17.674710944689465
            ],
            [
              75.87010098315628,
              17.675741959962025
            ],
            [
              75.87265719056614,
              17.67642701289131
            ],
            [
              75.87462914925095,
              17.67699447733436
            ],
            [
              75.87767920810248,
              17.677783511436658
            ],
            [
              75.87968051353147,
              17.67832678668711
            ],
            [
              75.88095699101845,
              17.67852554888377
            ],
            [
              75.88211577449354,
              17.678590263309445
            ],
            [
              75.88443008890209,
              17.6785290506794
            ]
          ]
        ],
        "type": "Polygon"
      },
      "id": 17
    },
    {
      "type": "Feature",
      "properties": {
        "ward": 22
      },
      "geometry": {
        "coordinates": [
          [
            [
              75.89444069072266,
              17.662326759140043
            ],
            [
              75.8925854905174,
              17.661483507961165
            ],
            [
              75.89252386858118,
              17.661397205267292
            ],
            [
              75.89167291587083,
              17.66124200927449
            ],
            [
              75.89083867769065,
              17.66116724288537
            ],
            [
              75.8902425279664,
              17.66111256163984
            ],
            [
              75.88987109519849,
              17.661201220384285
            ],
            [
              75.88950042156267,
              17.65981172339316
            ],
            [
              75.8893103900595,
              17.65965903032314
            ],
            [
              75.88911332016369,
              17.65921855478709
            ],
            [
              75.8885831927885,
              17.65907975355708
            ],
            [
              75.88817233776908,
              17.658943586865675
            ],
            [
              75.8881527912153,
              17.65853213529074
            ],
            [
              75.88920688705497,
              17.65808183588034
            ],
            [
              75.88825214842657,
              17.657413025229644
            ],
            [
              75.88800370185885,
              17.65738555769353
            ],
            [
              75.88742611336374,
              17.65765149859719
            ],
            [
              75.88642718174037,
              17.655320367148022
            ],
            [
              75.88632852441668,
              17.65442861098947
            ],
            [
              75.88585801532935,
              17.653508134310698
            ],
            [
              75.88747621918219,
              17.652955058154518
            ],
            [
              75.88968860669056,
              17.653107459061587
            ],
            [
              75.8903866452712,
              17.653038594457186
            ],
            [
              75.89242636151764,
              17.65485385768129
            ],
            [
              75.89258812340987,
              17.65450896493506
            ],
            [
              75.89250838435632,
              17.654125248880646
            ],
            [
              75.89219229245526,
              17.653260782941587
            ],
            [
              75.89219463322277,
              17.65293421728704
            ],
            [
              75.89233738940135,
              17.65243878005947
            ],
            [
              75.8928798289974,
              17.652177541997048
            ],
            [
              75.89306443222475,
              17.65188347968227
            ],
            [
              75.8925282627219,
              17.651541455822127
            ],
            [
              75.89195229679001,
              17.651683587893586
            ],
            [
              75.8917404966079,
              17.65032652174051
            ],
            [
              75.89151378797578,
              17.64936405747818
            ],
            [
              75.89359609510225,
              17.649399013775565
            ],
            [
              75.8942260937508,
              17.649089263456517
            ],
            [
              75.89660050810377,
              17.648099520737205
            ],
            [
              75.89641286295694,
              17.647767476447413
            ],
            [
              75.89658750817682,
              17.647465996727178
            ],
            [
              75.8961316624061,
              17.645129559908014
            ],
            [
              75.89671437878249,
              17.64479347013453
            ],
            [
              75.89734037051366,
              17.644590544276085
            ],
            [
              75.89771777957,
              17.644194264285204
            ],
            [
              75.89798257386474,
              17.644469357507333
            ],
            [
              75.89936179189658,
              17.643898163772946
            ],
            [
              75.89962969468078,
              17.64404547284336
            ],
            [
              75.90067122398139,
              17.64684614823649
            ],
            [
              75.90185593836426,
              17.648597134726685
            ],
            [
              75.90288121828078,
              17.64987390815233
            ],
            [
              75.90359403180969,
              17.650732888213383
            ],
            [
              75.90405467234916,
              17.651068196837883
            ],
            [
              75.89905371584939,
              17.656796099932293
            ],
            [
              75.89860723005077,
              17.65690518439277
            ],
            [
              75.89554195660975,
              17.66056143938411
            ],
            [
              75.89444069072266,
              17.662326759140043
            ]
          ]
        ],
        "type": "Polygon"
      },
      "id": 18
    },
    {
      "type": "Feature",
      "properties": {
        "ward": 21
      },
      "geometry": {
        "coordinates": [
          [
            [
              75.9162168496099,
              17.63756539907189
            ],
            [
              75.91787995888603,
              17.63897663703854
            ],
            [
              75.92159631347866,
              17.634964991366402
            ],
            [
              75.92639832050523,
              17.629978017315594
            ],
            [
              75.92685534883313,
              17.629705262473223
            ],
            [
              75.92666902580592,
              17.633517710690043
            ],
            [
              75.92652266497271,
              17.63375514440517
            ],
            [
              75.92856449421811,
              17.63404588232605
            ],
            [
              75.92636934930539,
              17.636902278391418
            ],
            [
              75.92671527722996,
              17.63710605482403
            ],
            [
              75.92910412500731,
              17.638315207310185
            ],
            [
              75.92545937259183,
              17.643291832327833
            ],
            [
              75.92329691338364,
              17.65155429459695
            ],
            [
              75.92291057137416,
              17.651788394025772
            ],
            [
              75.91993840793472,
              17.65248740060835
            ],
            [
              75.91839396054473,
              17.652963056730513
            ],
            [
              75.91600338236458,
              17.653437176328126
            ],
            [
              75.91431913634906,
              17.651938513384906
            ],
            [
              75.91317311837068,
              17.65157532347797
            ],
            [
              75.91296545622436,
              17.65160634762094
            ],
            [
              75.91287341570751,
              17.65149313720336
            ],
            [
              75.9129593753685,
              17.651329803407208
            ],
            [
              75.91245226640896,
              17.648807035029108
            ],
            [
              75.91262043600841,
              17.648750817597886
            ],
            [
              75.91422743671882,
              17.646055879609975
            ],
            [
              75.91410442858307,
              17.6457524230414
            ],
            [
              75.91385890581779,
              17.645766108412644
            ],
            [
              75.91332061594562,
              17.645524906538697
            ],
            [
              75.91206821236239,
              17.64514646494044
            ],
            [
              75.91144710255801,
              17.645124926568243
            ],
            [
              75.91134510733445,
              17.64504623630542
            ],
            [
              75.9106989476289,
              17.645192653547326
            ],
            [
              75.91057736926945,
              17.645019721545935
            ],
            [
              75.90983540459328,
              17.644939161786652
            ],
            [
              75.91250386784839,
              17.642089508816667
            ],
            [
              75.91472296567062,
              17.63933034500849
            ],
            [
              75.91560595828275,
              17.63813814432251
            ],
            [
              75.9162168496099,
              17.63756539907189
            ]
          ]
        ],
        "type": "Polygon"
      },
      "id": 19
    },
    {
      "type": "Feature",
      "properties": {
        "ward": 20
      },
      "geometry": {
        "coordinates": [
          [
            [
              75.92329178669618,
              17.65154670815491
            ],
            [
              75.92549055380692,
              17.643299292441867
            ],
            [
              75.927793841876,
              17.64013932788842
            ],
            [
              75.92911026000488,
              17.638336743814435
            ],
            [
              75.93048675627483,
              17.636428126033266
            ],
            [
              75.93231517206857,
              17.636967886144532
            ],
            [
              75.93445947887489,
              17.63765338253104
            ],
            [
              75.93713566003635,
              17.63807533878378
            ],
            [
              75.93694377376178,
              17.639772560425953
            ],
            [
              75.9374051351968,
              17.64366824242815
            ],
            [
              75.93467042621523,
              17.644329439913207
            ],
            [
              75.93245532251635,
              17.645487192484396
            ],
            [
              75.93114493120135,
              17.646600533529735
            ],
            [
              75.93186205441484,
              17.64805034502767
            ],
            [
              75.92868290433327,
              17.65017975985731
            ],
            [
              75.92690792799672,
              17.650584626480892
            ],
            [
              75.92706873837136,
              17.65018131545075
            ],
            [
              75.92546669213914,
              17.65118292946461
            ],
            [
              75.92517070873822,
              17.65329007432453
            ],
            [
              75.92411565138846,
              17.65374556853311
            ],
            [
              75.9236395107537,
              17.651807436816355
            ],
            [
              75.92329178669618,
              17.65154670815491
            ]
          ]
        ],
        "type": "Polygon"
      },
      "id": 20
    },
    {
      "type": "Feature",
      "properties": {
        "ward": 12
      },
      "geometry": {
        "coordinates": [
          [
            [
              75.95748928670349,
              17.663572367579064
            ],
            [
              75.95505878381141,
              17.664401203032924
            ],
            [
              75.95487866336694,
              17.66448702624112
            ],
            [
              75.95282715558645,
              17.665420881663593
            ],
            [
              75.95182230691498,
              17.66588392455654
            ],
            [
              75.94750348874925,
              17.667991227417787
            ],
            [
              75.944496021633,
              17.66945439480341
            ],
            [
              75.94304208076204,
              17.670138696203736
            ],
            [
              75.94106592468944,
              17.670299497589326
            ],
            [
              75.9395800584609,
              17.67041962783496
            ],
            [
              75.93774520056513,
              17.671006152364754
            ],
            [
              75.93608174171939,
              17.67151792529745
            ],
            [
              75.9334395257805,
              17.672346308481508
            ],
            [
              75.93122610897646,
              17.672437874226375
            ],
            [
              75.93067484323433,
              17.672505968879562
            ],
            [
              75.93076875265157,
              17.67144638251152
            ],
            [
              75.93056763875282,
              17.670478682384015
            ],
            [
              75.9298600831066,
              17.66767868878597
            ],
            [
              75.92912638938506,
              17.664752878669304
            ],
            [
              75.92831918299333,
              17.664677709826577
            ],
            [
              75.92729889244572,
              17.664786415098547
            ],
            [
              75.92711154547479,
              17.664187227045403
            ],
            [
              75.92636670829299,
              17.664351710722215
            ],
            [
              75.92625358503506,
              17.66277954028517
            ],
            [
              75.92571548706118,
              17.66230639015076
            ],
            [
              75.92588344017801,
              17.661723961568768
            ],
            [
              75.92499915968517,
              17.658315275714173
            ],
            [
              75.92692165879797,
              17.657044360904223
            ],
            [
              75.93072225138803,
              17.655800829601517
            ],
            [
              75.93195167535652,
              17.65506597936779
            ],
            [
              75.93456887205605,
              17.653840426382942
            ],
            [
              75.93479165273325,
              17.653642738242866
            ],
            [
              75.93761796744661,
              17.65230722213971
            ],
            [
              75.93964658603977,
              17.65069626387161
            ],
            [
              75.94175360513401,
              17.648682263582714
            ],
            [
              75.94283360033103,
              17.648011189933527
            ],
            [
              75.9447355126926,
              17.647185328765133
            ],
            [
              75.94511530954733,
              17.647197475264306
            ],
            [
              75.94765852910231,
              17.6474003696418
            ],
            [
              75.94929491124518,
              17.647475047116387
            ],
            [
              75.94980500349689,
              17.64992976258803
            ],
            [
              75.95008082988295,
              17.65117990220203
            ],
            [
              75.95172373121085,
              17.651413696915213
            ],
            [
              75.95382557796614,
              17.65182295925476
            ],
            [
              75.95395755929349,
              17.65245808048482
            ],
            [
              75.95424912018012,
              17.65368908859658
            ],
            [
              75.95476141756868,
              17.655546031717137
            ],
            [
              75.95529994227599,
              17.657546845739503
            ],
            [
              75.95602840173129,
              17.659463490826653
            ],
            [
              75.9561996905073,
              17.66015533947288
            ],
            [
              75.95658455006435,
              17.66137949930669
            ],
            [
              75.95700735917532,
              17.66244980573869
            ],
            [
              75.95748928670349,
              17.663572367579064
            ]
          ]
        ],
        "type": "Polygon"
      },
      "id": 21
    },
    {
      "type": "Feature",
      "properties": {
        "ward": 19
      },
      "geometry": {
        "coordinates": [
          [
            [
              75.95382018952662,
              17.651879002230856
            ],
            [
              75.95011487709752,
              17.651199874059643
            ],
            [
              75.94930603325241,
              17.64744180334081
            ],
            [
              75.94474960593169,
              17.647171237347393
            ],
            [
              75.94280630799483,
              17.647990088570424
            ],
            [
              75.94172829359673,
              17.648712148788476
            ],
            [
              75.93964065371256,
              17.650688584403255
            ],
            [
              75.9375966148092,
              17.652311366905877
            ],
            [
              75.93478843213532,
              17.65363914364275
            ],
            [
              75.93457051586017,
              17.653866435580923
            ],
            [
              75.93382303051999,
              17.651746808446617
            ],
            [
              75.9311437388169,
              17.646643445022065
            ],
            [
              75.93247625791889,
              17.64549213667587
            ],
            [
              75.93465582030692,
              17.644362715927684
            ],
            [
              75.93741116341806,
              17.643696482308968
            ],
            [
              75.9369608150059,
              17.639781296637466
            ],
            [
              75.9371145121087,
              17.638103202779476
            ],
            [
              75.93951412800601,
              17.63830160191992
            ],
            [
              75.94152224524822,
              17.63839638359346
            ],
            [
              75.94480328719041,
              17.638360273840902
            ],
            [
              75.94948260990401,
              17.63837051837413
            ],
            [
              75.94961772106998,
              17.638102605980578
            ],
            [
              75.95044232438264,
              17.638092443281636
            ],
            [
              75.95060343075988,
              17.63831689297453
            ],
            [
              75.95224474544034,
              17.63815910130154
            ],
            [
              75.95250867885306,
              17.64038842450718
            ],
            [
              75.95261711025987,
              17.643787595048494
            ],
            [
              75.95331548789528,
              17.647340273742955
            ],
            [
              75.95382018952662,
              17.651879002230856
            ]
          ]
        ],
        "type": "Polygon"
      },
      "id": 22
    },
    {
      "type": "Feature",
      "properties": {
        "ward": 25
      },
      "geometry": {
        "coordinates": [
          [
            [
              75.952246163576,
              17.638155394754747
            ],
            [
              75.95062748906818,
              17.638282240231206
            ],
            [
              75.95045868525699,
              17.63801644716601
            ],
            [
              75.94961737230838,
              17.63806697676644
            ],
            [
              75.94938202124416,
              17.63830080266773
            ],
            [
              75.94146633078608,
              17.63838681307287
            ],
            [
              75.937117971898,
              17.638097276029825
            ],
            [
              75.93466626112604,
              17.63763993725118
            ],
            [
              75.9304609627388,
              17.63641976346554
            ],
            [
              75.92908337978778,
              17.63828260896726
            ],
            [
              75.92635697582591,
              17.636905193936386
            ],
            [
              75.92856057429549,
              17.63404146735985
            ],
            [
              75.92659848860859,
              17.633754813798063
            ],
            [
              75.92672090537181,
              17.6335477710995
            ],
            [
              75.92686069107262,
              17.629757162891295
            ],
            [
              75.92635833924717,
              17.629918582710218
            ],
            [
              75.91784167082841,
              17.638942195372408
            ],
            [
              75.91630686602181,
              17.63761091787319
            ],
            [
              75.9161998690829,
              17.637320248178412
            ],
            [
              75.91837287854327,
              17.635555697888393
            ],
            [
              75.91980157255668,
              17.63390938962023
            ],
            [
              75.92221215455766,
              17.630366812250415
            ],
            [
              75.92463769629268,
              17.625889841280753
            ],
            [
              75.92707952806606,
              17.621942654002666
            ],
            [
              75.92944053160511,
              17.619648662681143
            ],
            [
              75.93410374677495,
              17.615505826305593
            ],
            [
              75.93750939870685,
              17.612228070269566
            ],
            [
              75.94332711359851,
              17.607088509261388
            ],
            [
              75.9476159964272,
              17.60301603911961
            ],
            [
              75.94838097354173,
              17.604206740067667
            ],
            [
              75.9489747625039,
              17.605014839298278
            ],
            [
              75.94896258958173,
              17.605639605591264
            ],
            [
              75.94921473232196,
              17.605839530794412
            ],
            [
              75.94963811439789,
              17.606863703465493
            ],
            [
              75.94938153922865,
              17.60866992208277
            ],
            [
              75.94973268606068,
              17.61036011228242
            ],
            [
              75.94967275446888,
              17.615140197727868
            ],
            [
              75.94939360642172,
              17.618104791695515
            ],
            [
              75.94951072520809,
              17.61877042519488
            ],
            [
              75.94940955409919,
              17.619196160996992
            ],
            [
              75.95062044989515,
              17.62023273003888
            ],
            [
              75.95101565267976,
              17.62327568199936
            ],
            [
              75.95054683290923,
              17.625126223245573
            ],
            [
              75.95102387082278,
              17.629703739748905
            ],
            [
              75.95202646806632,
              17.63611330973204
            ],
            [
              75.952246163576,
              17.638155394754747
            ]
          ]
        ],
        "type": "Polygon"
      },
      "id": 23
    },
    {
      "type": "Feature",
      "properties": {
        "ward": 26
      },
      "geometry": {
        "coordinates": [
          [
            [
              75.89634435963742,
              17.626062844041158
            ],
            [
              75.89613231359871,
              17.625742404305157
            ],
            [
              75.89485448993324,
              17.618191958577256
            ],
            [
              75.89369019710063,
              17.61158736421487
            ],
            [
              75.89033996184628,
              17.60532920488606
            ],
            [
              75.88936477070487,
              17.60122893855251
            ],
            [
              75.88833109413244,
              17.597588903471475
            ],
            [
              75.8871943132892,
              17.59211674293401
            ],
            [
              75.88720224164294,
              17.58814765285821
            ],
            [
              75.88747718041822,
              17.584128072648696
            ],
            [
              75.891560325656,
              17.584415366005615
            ],
            [
              75.89593823947189,
              17.58411798695171
            ],
            [
              75.9040542992042,
              17.583114963111868
            ],
            [
              75.91321196386275,
              17.581783050723857
            ],
            [
              75.92533185854046,
              17.580685504444816
            ],
            [
              75.93160396068558,
              17.58082411097371
            ],
            [
              75.94132637195557,
              17.579914616089937
            ],
            [
              75.94189873101254,
              17.587345271642718
            ],
            [
              75.94520992453121,
              17.586587979185623
            ],
            [
              75.94743457686704,
              17.59529347643715
            ],
            [
              75.94779940599108,
              17.599721035972834
            ],
            [
              75.94744515692335,
              17.603358509053948
            ],
            [
              75.9397241769401,
              17.61010785118188
            ],
            [
              75.92690468514115,
              17.621868967441984
            ],
            [
              75.92424074978553,
              17.626332324834365
            ],
            [
              75.92110573589218,
              17.632129228774133
            ],
            [
              75.91979342028284,
              17.633375134958854
            ],
            [
              75.91955663772129,
              17.634048799405818
            ],
            [
              75.91830387741979,
              17.635548686295508
            ],
            [
              75.91614268216941,
              17.637270531863763
            ],
            [
              75.91464058029297,
              17.635911500189906
            ],
            [
              75.91393449584899,
              17.63442750718518
            ],
            [
              75.91479215334112,
              17.634088767321032
            ],
            [
              75.91557149635892,
              17.632097005149234
            ],
            [
              75.91542295207782,
              17.629850739665187
            ],
            [
              75.91125252241224,
              17.630838893685336
            ],
            [
              75.91110195781741,
              17.62960380369107
            ],
            [
              75.9105575531091,
              17.628897896882677
            ],
            [
              75.91053784822105,
              17.62854783141499
            ],
            [
              75.9099176561364,
              17.627477166509507
            ],
            [
              75.9099353327739,
              17.626030850334487
            ],
            [
              75.90380909113526,
              17.62588675310451
            ],
            [
              75.89961023158918,
              17.626224306587943
            ],
            [
              75.89956854895755,
              17.62666177361359
            ],
            [
              75.89744996610466,
              17.625923762733223
            ],
            [
              75.89634435963742,
              17.626062844041158
            ]
          ]
        ],
        "type": "Polygon"
      },
      "id": 24
    },
    {
      "type": "Feature",
      "properties": {
        "ward": 23
      },
      "geometry": {
        "coordinates": [
          [
            [
              75.84009834765769,
              17.652144856993488
            ],
            [
              75.83733053338489,
              17.644274489539157
            ],
            [
              75.83583718253468,
              17.641498095291624
            ],
            [
              75.83389845355646,
              17.64087833178229
            ],
            [
              75.83366935247048,
              17.639360994988095
            ],
            [
              75.84030422110007,
              17.638108924047998
            ],
            [
              75.84898210280141,
              17.63507496806001
            ],
            [
              75.85240135859041,
              17.63327976964743
            ],
            [
              75.85864125441964,
              17.630541548349314
            ],
            [
              75.85460367085443,
              17.62645723310733
            ],
            [
              75.85328080834273,
              17.61884583955228
            ],
            [
              75.85133961120343,
              17.61116183396362
            ],
            [
              75.85196817652533,
              17.603401082202353
            ],
            [
              75.86144279191495,
              17.602105677661626
            ],
            [
              75.86114784462063,
              17.598594171790907
            ],
            [
              75.86837265628432,
              17.583607397697136
            ],
            [
              75.87717310624939,
              17.582972062765165
            ],
            [
              75.88737134974815,
              17.584124695852225
            ],
            [
              75.88700325986977,
              17.592196096702168
            ],
            [
              75.89016591847951,
              17.60557564002511
            ],
            [
              75.89341203321854,
              17.611632253631853
            ],
            [
              75.89619828522868,
              17.62619085228995
            ],
            [
              75.89775051214448,
              17.630217326760288
            ],
            [
              75.89796944821285,
              17.635480416015852
            ],
            [
              75.89592178421651,
              17.634427089720106
            ],
            [
              75.89258628264474,
              17.6348292195691
            ],
            [
              75.89137420052057,
              17.636649252620856
            ],
            [
              75.89152571142469,
              17.637378415416336
            ],
            [
              75.89317717517272,
              17.637672966506685
            ],
            [
              75.89248174472081,
              17.64121405181956
            ],
            [
              75.89441468597818,
              17.64515909925906
            ],
            [
              75.89440711298894,
              17.648949091169712
            ],
            [
              75.89364612834973,
              17.649336504066397
            ],
            [
              75.89141548615123,
              17.64934641035717
            ],
            [
              75.89171595157288,
              17.650426045119573
            ],
            [
              75.89194269091212,
              17.65176135580097
            ],
            [
              75.89245055594702,
              17.651641346076417
            ],
            [
              75.89304073395527,
              17.651917444148282
            ],
            [
              75.89286935081316,
              17.652191553515095
            ],
            [
              75.89233682987086,
              17.65243710010013
            ],
            [
              75.89210090640358,
              17.653255278243307
            ],
            [
              75.89258169908109,
              17.654470099575434
            ],
            [
              75.89241007429561,
              17.654865133765043
            ],
            [
              75.89038320540709,
              17.653047510336435
            ],
            [
              75.88971435121323,
              17.65312536654045
            ],
            [
              75.88756710414643,
              17.652926121427782
            ],
            [
              75.88576963431973,
              17.653555417956284
            ],
            [
              75.8862949042919,
              17.654495901558846
            ],
            [
              75.88636645557307,
              17.65532858156179
            ],
            [
              75.88484286047179,
              17.655688603122698
            ],
            [
              75.8832567227644,
              17.657221521788657
            ],
            [
              75.8826132494134,
              17.656811060630105
            ],
            [
              75.87997796032809,
              17.659024825519026
            ],
            [
              75.87976838428261,
              17.6588709618009
            ],
            [
              75.87850875321416,
              17.659036112825305
            ],
            [
              75.87725661639021,
              17.660336119542478
            ],
            [
              75.87411717942771,
              17.658790644098445
            ],
            [
              75.87291725415895,
              17.658388478945312
            ],
            [
              75.87026992896466,
              17.657158699333877
            ],
            [
              75.86659159254859,
              17.65618460211806
            ],
            [
              75.86201779611312,
              17.65525200125822
            ],
            [
              75.86042627603044,
              17.655407251199563
            ],
            [
              75.85999310365858,
              17.654787867135582
            ],
            [
              75.85590044630669,
              17.65443980229422
            ],
            [
              75.85111428222217,
              17.653384610596163
            ],
            [
              75.84745982162161,
              17.653009779817936
            ],
            [
              75.84588280511016,
              17.653234825448024
            ],
            [
              75.84009834765769,
              17.652144856993488
            ]
          ]
        ],
        "type": "Polygon"
      },
      "id": 25
    }
  ]
}